data_file,model_file,local_index,global_index,family
D:\data\openfwi\FlatVel_A\data\data1.npy,D:\data\openfwi\FlatVel_A\model\model1.npy,2,1002,FlatVel_A
D:\data\openfwi\FlatVel_A\data\data1.npy,D:\data\openfwi\FlatVel_A\model\model1.npy,3,1003,FlatVel_A
D:\data\openfwi\FlatVel_A\data\data1.npy,D:\data\openfwi\FlatVel_A\model\model1.npy,8,1008,FlatVel_A
D:\data\openfwi\FlatVel_A\data\data1.npy,D:\data\openfwi\FlatVel_A\model\model1.npy,10,1010,FlatVel_A
D:\data\openfwi\FlatVel_A\data\data1.npy,D:\data\openfwi\FlatVel_A\model\model1.npy,12,1012,FlatVel_A
D:\data\openfwi\FlatVel_A\data\data1.npy,D:\data\openfwi\FlatVel_A\model\model1.npy,13,1013,FlatVel_A
D:\data\openfwi\FlatVel_A\data\data1.npy,D:\data\openfwi\FlatVel_A\model\model1.npy,16,1016,FlatVel_A
D:\data\openfwi\FlatVel_A\data\data1.npy,D:\data\openfwi\FlatVel_A\model\model1.npy,22,1022,FlatVel_A
D:\data\openfwi\FlatVel_A\data\data1.npy,D:\data\openfwi\FlatVel_A\model\model1.npy,24,1024,FlatVel_A
D:\data\openfwi\FlatVel_A\data\data1.npy,D:\data\openfwi\FlatVel_A\model\model1.npy,25,1025,FlatVel_A
D:\data\openfwi\FlatVel_A\data\data1.npy,D:\data\openfwi\FlatVel_A\model\model1.npy,26,1026,FlatVel_A
D:\data\openfwi\FlatVel_A\data\data1.npy,D:\data\openfwi\FlatVel_A\model\model1.npy,29,1029,FlatVel_A
D:\data\openfwi\FlatVel_A\data\data1.npy,D:\data\openfwi\FlatVel_A\model\model1.npy,32,1032,FlatVel_A
D:\data\openfwi\FlatVel_A\data\data1.npy,D:\data\openfwi\FlatVel_A\model\model1.npy,33,1033,FlatVel_A
D:\data\openfwi\FlatVel_A\data\data1.npy,D:\data\openfwi\FlatVel_A\model\model1.npy,34,1034,FlatVel_A
D:\data\openfwi\FlatVel_A\data\data1.npy,D:\data\openfwi\FlatVel_A\model\model1.npy,38,1038,FlatVel_A
D:\data\openfwi\FlatVel_A\data\data1.npy,D:\data\openfwi\FlatVel_A\model\model1.npy,40,1040,FlatVel_A
D:\data\openfwi\FlatVel_A\data\data1.npy,D:\data\openfwi\FlatVel_A\model\model1.npy,41,1041,FlatVel_A
D:\data\openfwi\FlatVel_A\data\data1.npy,D:\data\openfwi\FlatVel_A\model\model1.npy,42,1042,FlatVel_A
D:\data\openfwi\FlatVel_A\data\data1.npy,D:\data\openfwi\FlatVel_A\model\model1.npy,43,1043,FlatVel_A
D:\data\openfwi\FlatVel_A\data\data1.npy,D:\data\openfwi\FlatVel_A\model\model1.npy,45,1045,FlatVel_A
D:\data\openfwi\FlatVel_A\data\data1.npy,D:\data\openfwi\FlatVel_A\model\model1.npy,48,1048,FlatVel_A
D:\data\openfwi\FlatVel_A\data\data1.npy,D:\data\openfwi\FlatVel_A\model\model1.npy,50,1050,FlatVel_A
D:\data\openfwi\FlatVel_A\data\data1.npy,D:\data\openfwi\FlatVel_A\model\model1.npy,51,1051,FlatVel_A
D:\data\openfwi\FlatVel_A\data\data1.npy,D:\data\openfwi\FlatVel_A\model\model1.npy,52,1052,FlatVel_A
D:\data\openfwi\FlatVel_A\data\data1.npy,D:\data\openfwi\FlatVel_A\model\model1.npy,53,1053,FlatVel_A
D:\data\openfwi\FlatVel_A\data\data1.npy,D:\data\openfwi\FlatVel_A\model\model1.npy,54,1054,FlatVel_A
D:\data\openfwi\FlatVel_A\data\data1.npy,D:\data\openfwi\FlatVel_A\model\model1.npy,55,1055,FlatVel_A
D:\data\openfwi\FlatVel_A\data\data1.npy,D:\data\openfwi\FlatVel_A\model\model1.npy,56,1056,FlatVel_A
D:\data\openfwi\FlatVel_A\data\data1.npy,D:\data\openfwi\FlatVel_A\model\model1.npy,57,1057,FlatVel_A
D:\data\openfwi\FlatVel_A\data\data1.npy,D:\data\openfwi\FlatVel_A\model\model1.npy,60,1060,FlatVel_A
D:\data\openfwi\FlatVel_A\data\data1.npy,D:\data\openfwi\FlatVel_A\model\model1.npy,61,1061,FlatVel_A
D:\data\openfwi\FlatVel_A\data\data1.npy,D:\data\openfwi\FlatVel_A\model\model1.npy,62,1062,FlatVel_A
D:\data\openfwi\FlatVel_A\data\data1.npy,D:\data\openfwi\FlatVel_A\model\model1.npy,63,1063,FlatVel_A
D:\data\openfwi\FlatVel_A\data\data1.npy,D:\data\openfwi\FlatVel_A\model\model1.npy,64,1064,FlatVel_A
D:\data\openfwi\FlatVel_A\data\data1.npy,D:\data\openfwi\FlatVel_A\model\model1.npy,65,1065,FlatVel_A
D:\data\openfwi\FlatVel_A\data\data1.npy,D:\data\openfwi\FlatVel_A\model\model1.npy,66,1066,FlatVel_A
D:\data\openfwi\FlatVel_A\data\data1.npy,D:\data\openfwi\FlatVel_A\model\model1.npy,67,1067,FlatVel_A
D:\data\openfwi\FlatVel_A\data\data1.npy,D:\data\openfwi\FlatVel_A\model\model1.npy,68,1068,FlatVel_A
D:\data\openfwi\FlatVel_A\data\data1.npy,D:\data\openfwi\FlatVel_A\model\model1.npy,70,1070,FlatVel_A
D:\data\openfwi\FlatVel_A\data\data1.npy,D:\data\openfwi\FlatVel_A\model\model1.npy,73,1073,FlatVel_A
D:\data\openfwi\FlatVel_A\data\data1.npy,D:\data\openfwi\FlatVel_A\model\model1.npy,74,1074,FlatVel_A
D:\data\openfwi\FlatVel_A\data\data1.npy,D:\data\openfwi\FlatVel_A\model\model1.npy,76,1076,FlatVel_A
D:\data\openfwi\FlatVel_A\data\data1.npy,D:\data\openfwi\FlatVel_A\model\model1.npy,78,1078,FlatVel_A
D:\data\openfwi\FlatVel_A\data\data1.npy,D:\data\openfwi\FlatVel_A\model\model1.npy,79,1079,FlatVel_A
D:\data\openfwi\FlatVel_A\data\data1.npy,D:\data\openfwi\FlatVel_A\model\model1.npy,80,1080,FlatVel_A
D:\data\openfwi\FlatVel_A\data\data1.npy,D:\data\openfwi\FlatVel_A\model\model1.npy,83,1083,FlatVel_A
D:\data\openfwi\FlatVel_A\data\data1.npy,D:\data\openfwi\FlatVel_A\model\model1.npy,84,1084,FlatVel_A
D:\data\openfwi\FlatVel_A\data\data1.npy,D:\data\openfwi\FlatVel_A\model\model1.npy,85,1085,FlatVel_A
D:\data\openfwi\FlatVel_A\data\data1.npy,D:\data\openfwi\FlatVel_A\model\model1.npy,86,1086,FlatVel_A
D:\data\openfwi\FlatVel_A\data\data1.npy,D:\data\openfwi\FlatVel_A\model\model1.npy,88,1088,FlatVel_A
D:\data\openfwi\FlatVel_A\data\data1.npy,D:\data\openfwi\FlatVel_A\model\model1.npy,89,1089,FlatVel_A
D:\data\openfwi\FlatVel_A\data\data1.npy,D:\data\openfwi\FlatVel_A\model\model1.npy,94,1094,FlatVel_A
D:\data\openfwi\FlatVel_A\data\data1.npy,D:\data\openfwi\FlatVel_A\model\model1.npy,95,1095,FlatVel_A
D:\data\openfwi\FlatVel_A\data\data1.npy,D:\data\openfwi\FlatVel_A\model\model1.npy,98,1098,FlatVel_A
D:\data\openfwi\FlatVel_A\data\data1.npy,D:\data\openfwi\FlatVel_A\model\model1.npy,100,1100,FlatVel_A
D:\data\openfwi\FlatVel_A\data\data1.npy,D:\data\openfwi\FlatVel_A\model\model1.npy,102,1102,FlatVel_A
D:\data\openfwi\FlatVel_A\data\data1.npy,D:\data\openfwi\FlatVel_A\model\model1.npy,103,1103,FlatVel_A
D:\data\openfwi\FlatVel_A\data\data1.npy,D:\data\openfwi\FlatVel_A\model\model1.npy,104,1104,FlatVel_A
D:\data\openfwi\FlatVel_A\data\data1.npy,D:\data\openfwi\FlatVel_A\model\model1.npy,105,1105,FlatVel_A
D:\data\openfwi\FlatVel_A\data\data1.npy,D:\data\openfwi\FlatVel_A\model\model1.npy,106,1106,FlatVel_A
D:\data\openfwi\FlatVel_A\data\data1.npy,D:\data\openfwi\FlatVel_A\model\model1.npy,108,1108,FlatVel_A
D:\data\openfwi\FlatVel_A\data\data1.npy,D:\data\openfwi\FlatVel_A\model\model1.npy,109,1109,FlatVel_A
D:\data\openfwi\FlatVel_A\data\data1.npy,D:\data\openfwi\FlatVel_A\model\model1.npy,113,1113,FlatVel_A
D:\data\openfwi\FlatVel_A\data\data1.npy,D:\data\openfwi\FlatVel_A\model\model1.npy,116,1116,FlatVel_A
D:\data\openfwi\FlatVel_A\data\data1.npy,D:\data\openfwi\FlatVel_A\model\model1.npy,117,1117,FlatVel_A
D:\data\openfwi\FlatVel_A\data\data1.npy,D:\data\openfwi\FlatVel_A\model\model1.npy,118,1118,FlatVel_A
D:\data\openfwi\FlatVel_A\data\data1.npy,D:\data\openfwi\FlatVel_A\model\model1.npy,126,1126,FlatVel_A
D:\data\openfwi\FlatVel_A\data\data1.npy,D:\data\openfwi\FlatVel_A\model\model1.npy,127,1127,FlatVel_A
D:\data\openfwi\FlatVel_A\data\data1.npy,D:\data\openfwi\FlatVel_A\model\model1.npy,128,1128,FlatVel_A
D:\data\openfwi\FlatVel_A\data\data1.npy,D:\data\openfwi\FlatVel_A\model\model1.npy,131,1131,FlatVel_A
D:\data\openfwi\FlatVel_A\data\data1.npy,D:\data\openfwi\FlatVel_A\model\model1.npy,134,1134,FlatVel_A
D:\data\openfwi\FlatVel_A\data\data1.npy,D:\data\openfwi\FlatVel_A\model\model1.npy,136,1136,FlatVel_A
D:\data\openfwi\FlatVel_A\data\data1.npy,D:\data\openfwi\FlatVel_A\model\model1.npy,138,1138,FlatVel_A
D:\data\openfwi\FlatVel_A\data\data1.npy,D:\data\openfwi\FlatVel_A\model\model1.npy,140,1140,FlatVel_A
D:\data\openfwi\FlatVel_A\data\data1.npy,D:\data\openfwi\FlatVel_A\model\model1.npy,142,1142,FlatVel_A
D:\data\openfwi\FlatVel_A\data\data1.npy,D:\data\openfwi\FlatVel_A\model\model1.npy,144,1144,FlatVel_A
D:\data\openfwi\FlatVel_A\data\data1.npy,D:\data\openfwi\FlatVel_A\model\model1.npy,145,1145,FlatVel_A
D:\data\openfwi\FlatVel_A\data\data1.npy,D:\data\openfwi\FlatVel_A\model\model1.npy,147,1147,FlatVel_A
D:\data\openfwi\FlatVel_A\data\data1.npy,D:\data\openfwi\FlatVel_A\model\model1.npy,148,1148,FlatVel_A
D:\data\openfwi\FlatVel_A\data\data1.npy,D:\data\openfwi\FlatVel_A\model\model1.npy,150,1150,FlatVel_A
D:\data\openfwi\FlatVel_A\data\data1.npy,D:\data\openfwi\FlatVel_A\model\model1.npy,151,1151,FlatVel_A
D:\data\openfwi\FlatVel_A\data\data1.npy,D:\data\openfwi\FlatVel_A\model\model1.npy,156,1156,FlatVel_A
D:\data\openfwi\FlatVel_A\data\data1.npy,D:\data\openfwi\FlatVel_A\model\model1.npy,158,1158,FlatVel_A
D:\data\openfwi\FlatVel_A\data\data1.npy,D:\data\openfwi\FlatVel_A\model\model1.npy,160,1160,FlatVel_A
D:\data\openfwi\FlatVel_A\data\data1.npy,D:\data\openfwi\FlatVel_A\model\model1.npy,161,1161,FlatVel_A
D:\data\openfwi\FlatVel_A\data\data1.npy,D:\data\openfwi\FlatVel_A\model\model1.npy,162,1162,FlatVel_A
D:\data\openfwi\FlatVel_A\data\data1.npy,D:\data\openfwi\FlatVel_A\model\model1.npy,163,1163,FlatVel_A
D:\data\openfwi\FlatVel_A\data\data1.npy,D:\data\openfwi\FlatVel_A\model\model1.npy,166,1166,FlatVel_A
D:\data\openfwi\FlatVel_A\data\data1.npy,D:\data\openfwi\FlatVel_A\model\model1.npy,167,1167,FlatVel_A
D:\data\openfwi\FlatVel_A\data\data1.npy,D:\data\openfwi\FlatVel_A\model\model1.npy,170,1170,FlatVel_A
D:\data\openfwi\FlatVel_A\data\data1.npy,D:\data\openfwi\FlatVel_A\model\model1.npy,172,1172,FlatVel_A
D:\data\openfwi\FlatVel_A\data\data1.npy,D:\data\openfwi\FlatVel_A\model\model1.npy,173,1173,FlatVel_A
D:\data\openfwi\FlatVel_A\data\data1.npy,D:\data\openfwi\FlatVel_A\model\model1.npy,175,1175,FlatVel_A
D:\data\openfwi\FlatVel_A\data\data1.npy,D:\data\openfwi\FlatVel_A\model\model1.npy,176,1176,FlatVel_A
D:\data\openfwi\FlatVel_A\data\data1.npy,D:\data\openfwi\FlatVel_A\model\model1.npy,177,1177,FlatVel_A
D:\data\openfwi\FlatVel_A\data\data1.npy,D:\data\openfwi\FlatVel_A\model\model1.npy,179,1179,FlatVel_A
D:\data\openfwi\FlatVel_A\data\data1.npy,D:\data\openfwi\FlatVel_A\model\model1.npy,180,1180,FlatVel_A
D:\data\openfwi\FlatVel_A\data\data1.npy,D:\data\openfwi\FlatVel_A\model\model1.npy,182,1182,FlatVel_A
D:\data\openfwi\FlatVel_A\data\data1.npy,D:\data\openfwi\FlatVel_A\model\model1.npy,183,1183,FlatVel_A
D:\data\openfwi\FlatVel_A\data\data1.npy,D:\data\openfwi\FlatVel_A\model\model1.npy,189,1189,FlatVel_A
D:\data\openfwi\FlatVel_A\data\data1.npy,D:\data\openfwi\FlatVel_A\model\model1.npy,192,1192,FlatVel_A
D:\data\openfwi\FlatVel_A\data\data1.npy,D:\data\openfwi\FlatVel_A\model\model1.npy,193,1193,FlatVel_A
D:\data\openfwi\FlatVel_A\data\data1.npy,D:\data\openfwi\FlatVel_A\model\model1.npy,196,1196,FlatVel_A
D:\data\openfwi\FlatVel_A\data\data1.npy,D:\data\openfwi\FlatVel_A\model\model1.npy,197,1197,FlatVel_A
D:\data\openfwi\FlatVel_A\data\data1.npy,D:\data\openfwi\FlatVel_A\model\model1.npy,198,1198,FlatVel_A
D:\data\openfwi\FlatVel_A\data\data1.npy,D:\data\openfwi\FlatVel_A\model\model1.npy,200,1200,FlatVel_A
D:\data\openfwi\FlatVel_A\data\data1.npy,D:\data\openfwi\FlatVel_A\model\model1.npy,201,1201,FlatVel_A
D:\data\openfwi\FlatVel_A\data\data1.npy,D:\data\openfwi\FlatVel_A\model\model1.npy,202,1202,FlatVel_A
D:\data\openfwi\FlatVel_A\data\data1.npy,D:\data\openfwi\FlatVel_A\model\model1.npy,203,1203,FlatVel_A
D:\data\openfwi\FlatVel_A\data\data1.npy,D:\data\openfwi\FlatVel_A\model\model1.npy,208,1208,FlatVel_A
D:\data\openfwi\FlatVel_A\data\data1.npy,D:\data\openfwi\FlatVel_A\model\model1.npy,210,1210,FlatVel_A
D:\data\openfwi\FlatVel_A\data\data1.npy,D:\data\openfwi\FlatVel_A\model\model1.npy,211,1211,FlatVel_A
D:\data\openfwi\FlatVel_A\data\data1.npy,D:\data\openfwi\FlatVel_A\model\model1.npy,213,1213,FlatVel_A
D:\data\openfwi\FlatVel_A\data\data1.npy,D:\data\openfwi\FlatVel_A\model\model1.npy,217,1217,FlatVel_A
D:\data\openfwi\FlatVel_A\data\data1.npy,D:\data\openfwi\FlatVel_A\model\model1.npy,218,1218,FlatVel_A
D:\data\openfwi\FlatVel_A\data\data1.npy,D:\data\openfwi\FlatVel_A\model\model1.npy,219,1219,FlatVel_A
D:\data\openfwi\FlatVel_A\data\data1.npy,D:\data\openfwi\FlatVel_A\model\model1.npy,221,1221,FlatVel_A
D:\data\openfwi\FlatVel_A\data\data1.npy,D:\data\openfwi\FlatVel_A\model\model1.npy,222,1222,FlatVel_A
D:\data\openfwi\FlatVel_A\data\data1.npy,D:\data\openfwi\FlatVel_A\model\model1.npy,226,1226,FlatVel_A
D:\data\openfwi\FlatVel_A\data\data1.npy,D:\data\openfwi\FlatVel_A\model\model1.npy,227,1227,FlatVel_A
D:\data\openfwi\FlatVel_A\data\data1.npy,D:\data\openfwi\FlatVel_A\model\model1.npy,228,1228,FlatVel_A
D:\data\openfwi\FlatVel_A\data\data1.npy,D:\data\openfwi\FlatVel_A\model\model1.npy,229,1229,FlatVel_A
D:\data\openfwi\FlatVel_A\data\data1.npy,D:\data\openfwi\FlatVel_A\model\model1.npy,230,1230,FlatVel_A
D:\data\openfwi\FlatVel_A\data\data1.npy,D:\data\openfwi\FlatVel_A\model\model1.npy,237,1237,FlatVel_A
D:\data\openfwi\FlatVel_A\data\data1.npy,D:\data\openfwi\FlatVel_A\model\model1.npy,240,1240,FlatVel_A
D:\data\openfwi\FlatVel_A\data\data1.npy,D:\data\openfwi\FlatVel_A\model\model1.npy,246,1246,FlatVel_A
D:\data\openfwi\FlatVel_A\data\data1.npy,D:\data\openfwi\FlatVel_A\model\model1.npy,247,1247,FlatVel_A
D:\data\openfwi\FlatVel_A\data\data1.npy,D:\data\openfwi\FlatVel_A\model\model1.npy,248,1248,FlatVel_A
D:\data\openfwi\FlatVel_A\data\data1.npy,D:\data\openfwi\FlatVel_A\model\model1.npy,250,1250,FlatVel_A
D:\data\openfwi\FlatVel_A\data\data1.npy,D:\data\openfwi\FlatVel_A\model\model1.npy,252,1252,FlatVel_A
D:\data\openfwi\FlatVel_A\data\data1.npy,D:\data\openfwi\FlatVel_A\model\model1.npy,253,1253,FlatVel_A
D:\data\openfwi\FlatVel_A\data\data1.npy,D:\data\openfwi\FlatVel_A\model\model1.npy,258,1258,FlatVel_A
D:\data\openfwi\FlatVel_A\data\data1.npy,D:\data\openfwi\FlatVel_A\model\model1.npy,260,1260,FlatVel_A
D:\data\openfwi\FlatVel_A\data\data1.npy,D:\data\openfwi\FlatVel_A\model\model1.npy,262,1262,FlatVel_A
D:\data\openfwi\FlatVel_A\data\data1.npy,D:\data\openfwi\FlatVel_A\model\model1.npy,263,1263,FlatVel_A
D:\data\openfwi\FlatVel_A\data\data1.npy,D:\data\openfwi\FlatVel_A\model\model1.npy,264,1264,FlatVel_A
D:\data\openfwi\FlatVel_A\data\data1.npy,D:\data\openfwi\FlatVel_A\model\model1.npy,271,1271,FlatVel_A
D:\data\openfwi\FlatVel_A\data\data1.npy,D:\data\openfwi\FlatVel_A\model\model1.npy,272,1272,FlatVel_A
D:\data\openfwi\FlatVel_A\data\data1.npy,D:\data\openfwi\FlatVel_A\model\model1.npy,275,1275,FlatVel_A
D:\data\openfwi\FlatVel_A\data\data1.npy,D:\data\openfwi\FlatVel_A\model\model1.npy,278,1278,FlatVel_A
D:\data\openfwi\FlatVel_A\data\data1.npy,D:\data\openfwi\FlatVel_A\model\model1.npy,279,1279,FlatVel_A
D:\data\openfwi\FlatVel_A\data\data1.npy,D:\data\openfwi\FlatVel_A\model\model1.npy,281,1281,FlatVel_A
D:\data\openfwi\FlatVel_A\data\data1.npy,D:\data\openfwi\FlatVel_A\model\model1.npy,282,1282,FlatVel_A
D:\data\openfwi\FlatVel_A\data\data1.npy,D:\data\openfwi\FlatVel_A\model\model1.npy,284,1284,FlatVel_A
D:\data\openfwi\FlatVel_A\data\data1.npy,D:\data\openfwi\FlatVel_A\model\model1.npy,285,1285,FlatVel_A
D:\data\openfwi\FlatVel_A\data\data1.npy,D:\data\openfwi\FlatVel_A\model\model1.npy,286,1286,FlatVel_A
D:\data\openfwi\FlatVel_A\data\data1.npy,D:\data\openfwi\FlatVel_A\model\model1.npy,290,1290,FlatVel_A
D:\data\openfwi\FlatVel_A\data\data1.npy,D:\data\openfwi\FlatVel_A\model\model1.npy,292,1292,FlatVel_A
D:\data\openfwi\FlatVel_A\data\data1.npy,D:\data\openfwi\FlatVel_A\model\model1.npy,295,1295,FlatVel_A
D:\data\openfwi\FlatVel_A\data\data1.npy,D:\data\openfwi\FlatVel_A\model\model1.npy,297,1297,FlatVel_A
D:\data\openfwi\FlatVel_A\data\data1.npy,D:\data\openfwi\FlatVel_A\model\model1.npy,299,1299,FlatVel_A
D:\data\openfwi\FlatVel_A\data\data1.npy,D:\data\openfwi\FlatVel_A\model\model1.npy,300,1300,FlatVel_A
D:\data\openfwi\FlatVel_A\data\data1.npy,D:\data\openfwi\FlatVel_A\model\model1.npy,303,1303,FlatVel_A
D:\data\openfwi\FlatVel_A\data\data1.npy,D:\data\openfwi\FlatVel_A\model\model1.npy,304,1304,FlatVel_A
D:\data\openfwi\FlatVel_A\data\data1.npy,D:\data\openfwi\FlatVel_A\model\model1.npy,305,1305,FlatVel_A
D:\data\openfwi\FlatVel_A\data\data1.npy,D:\data\openfwi\FlatVel_A\model\model1.npy,307,1307,FlatVel_A
D:\data\openfwi\FlatVel_A\data\data1.npy,D:\data\openfwi\FlatVel_A\model\model1.npy,308,1308,FlatVel_A
D:\data\openfwi\FlatVel_A\data\data1.npy,D:\data\openfwi\FlatVel_A\model\model1.npy,311,1311,FlatVel_A
D:\data\openfwi\FlatVel_A\data\data1.npy,D:\data\openfwi\FlatVel_A\model\model1.npy,312,1312,FlatVel_A
D:\data\openfwi\FlatVel_A\data\data1.npy,D:\data\openfwi\FlatVel_A\model\model1.npy,313,1313,FlatVel_A
D:\data\openfwi\FlatVel_A\data\data1.npy,D:\data\openfwi\FlatVel_A\model\model1.npy,314,1314,FlatVel_A
D:\data\openfwi\FlatVel_A\data\data1.npy,D:\data\openfwi\FlatVel_A\model\model1.npy,315,1315,FlatVel_A
D:\data\openfwi\FlatVel_A\data\data1.npy,D:\data\openfwi\FlatVel_A\model\model1.npy,316,1316,FlatVel_A
D:\data\openfwi\FlatVel_A\data\data1.npy,D:\data\openfwi\FlatVel_A\model\model1.npy,318,1318,FlatVel_A
D:\data\openfwi\FlatVel_A\data\data1.npy,D:\data\openfwi\FlatVel_A\model\model1.npy,319,1319,FlatVel_A
D:\data\openfwi\FlatVel_A\data\data1.npy,D:\data\openfwi\FlatVel_A\model\model1.npy,320,1320,FlatVel_A
D:\data\openfwi\FlatVel_A\data\data1.npy,D:\data\openfwi\FlatVel_A\model\model1.npy,324,1324,FlatVel_A
D:\data\openfwi\FlatVel_A\data\data1.npy,D:\data\openfwi\FlatVel_A\model\model1.npy,326,1326,FlatVel_A
D:\data\openfwi\FlatVel_A\data\data1.npy,D:\data\openfwi\FlatVel_A\model\model1.npy,327,1327,FlatVel_A
D:\data\openfwi\FlatVel_A\data\data1.npy,D:\data\openfwi\FlatVel_A\model\model1.npy,329,1329,FlatVel_A
D:\data\openfwi\FlatVel_A\data\data1.npy,D:\data\openfwi\FlatVel_A\model\model1.npy,330,1330,FlatVel_A
D:\data\openfwi\FlatVel_A\data\data1.npy,D:\data\openfwi\FlatVel_A\model\model1.npy,332,1332,FlatVel_A
D:\data\openfwi\FlatVel_A\data\data1.npy,D:\data\openfwi\FlatVel_A\model\model1.npy,333,1333,FlatVel_A
D:\data\openfwi\FlatVel_A\data\data1.npy,D:\data\openfwi\FlatVel_A\model\model1.npy,334,1334,FlatVel_A
D:\data\openfwi\FlatVel_A\data\data1.npy,D:\data\openfwi\FlatVel_A\model\model1.npy,335,1335,FlatVel_A
D:\data\openfwi\FlatVel_A\data\data1.npy,D:\data\openfwi\FlatVel_A\model\model1.npy,336,1336,FlatVel_A
D:\data\openfwi\FlatVel_A\data\data1.npy,D:\data\openfwi\FlatVel_A\model\model1.npy,337,1337,FlatVel_A
D:\data\openfwi\FlatVel_A\data\data1.npy,D:\data\openfwi\FlatVel_A\model\model1.npy,340,1340,FlatVel_A
D:\data\openfwi\FlatVel_A\data\data1.npy,D:\data\openfwi\FlatVel_A\model\model1.npy,341,1341,FlatVel_A
D:\data\openfwi\FlatVel_A\data\data1.npy,D:\data\openfwi\FlatVel_A\model\model1.npy,343,1343,FlatVel_A
D:\data\openfwi\FlatVel_A\data\data1.npy,D:\data\openfwi\FlatVel_A\model\model1.npy,345,1345,FlatVel_A
D:\data\openfwi\FlatVel_A\data\data1.npy,D:\data\openfwi\FlatVel_A\model\model1.npy,346,1346,FlatVel_A
D:\data\openfwi\FlatVel_A\data\data1.npy,D:\data\openfwi\FlatVel_A\model\model1.npy,347,1347,FlatVel_A
D:\data\openfwi\FlatVel_A\data\data1.npy,D:\data\openfwi\FlatVel_A\model\model1.npy,348,1348,FlatVel_A
D:\data\openfwi\FlatVel_A\data\data1.npy,D:\data\openfwi\FlatVel_A\model\model1.npy,349,1349,FlatVel_A
D:\data\openfwi\FlatVel_A\data\data1.npy,D:\data\openfwi\FlatVel_A\model\model1.npy,350,1350,FlatVel_A
D:\data\openfwi\FlatVel_A\data\data1.npy,D:\data\openfwi\FlatVel_A\model\model1.npy,351,1351,FlatVel_A
D:\data\openfwi\FlatVel_A\data\data1.npy,D:\data\openfwi\FlatVel_A\model\model1.npy,352,1352,FlatVel_A
D:\data\openfwi\FlatVel_A\data\data1.npy,D:\data\openfwi\FlatVel_A\model\model1.npy,353,1353,FlatVel_A
D:\data\openfwi\FlatVel_A\data\data1.npy,D:\data\openfwi\FlatVel_A\model\model1.npy,354,1354,FlatVel_A
D:\data\openfwi\FlatVel_A\data\data1.npy,D:\data\openfwi\FlatVel_A\model\model1.npy,360,1360,FlatVel_A
D:\data\openfwi\FlatVel_A\data\data1.npy,D:\data\openfwi\FlatVel_A\model\model1.npy,361,1361,FlatVel_A
D:\data\openfwi\FlatVel_A\data\data1.npy,D:\data\openfwi\FlatVel_A\model\model1.npy,365,1365,FlatVel_A
D:\data\openfwi\FlatVel_A\data\data1.npy,D:\data\openfwi\FlatVel_A\model\model1.npy,368,1368,FlatVel_A
D:\data\openfwi\FlatVel_A\data\data1.npy,D:\data\openfwi\FlatVel_A\model\model1.npy,371,1371,FlatVel_A
D:\data\openfwi\FlatVel_A\data\data1.npy,D:\data\openfwi\FlatVel_A\model\model1.npy,372,1372,FlatVel_A
D:\data\openfwi\FlatVel_A\data\data1.npy,D:\data\openfwi\FlatVel_A\model\model1.npy,373,1373,FlatVel_A
D:\data\openfwi\FlatVel_A\data\data1.npy,D:\data\openfwi\FlatVel_A\model\model1.npy,380,1380,FlatVel_A
D:\data\openfwi\FlatVel_A\data\data1.npy,D:\data\openfwi\FlatVel_A\model\model1.npy,382,1382,FlatVel_A
D:\data\openfwi\FlatVel_A\data\data1.npy,D:\data\openfwi\FlatVel_A\model\model1.npy,384,1384,FlatVel_A
D:\data\openfwi\FlatVel_A\data\data1.npy,D:\data\openfwi\FlatVel_A\model\model1.npy,385,1385,FlatVel_A
D:\data\openfwi\FlatVel_A\data\data1.npy,D:\data\openfwi\FlatVel_A\model\model1.npy,386,1386,FlatVel_A
D:\data\openfwi\FlatVel_A\data\data1.npy,D:\data\openfwi\FlatVel_A\model\model1.npy,387,1387,FlatVel_A
D:\data\openfwi\FlatVel_A\data\data1.npy,D:\data\openfwi\FlatVel_A\model\model1.npy,389,1389,FlatVel_A
D:\data\openfwi\FlatVel_A\data\data1.npy,D:\data\openfwi\FlatVel_A\model\model1.npy,390,1390,FlatVel_A
D:\data\openfwi\FlatVel_A\data\data1.npy,D:\data\openfwi\FlatVel_A\model\model1.npy,391,1391,FlatVel_A
D:\data\openfwi\FlatVel_A\data\data1.npy,D:\data\openfwi\FlatVel_A\model\model1.npy,392,1392,FlatVel_A
D:\data\openfwi\FlatVel_A\data\data1.npy,D:\data\openfwi\FlatVel_A\model\model1.npy,393,1393,FlatVel_A
D:\data\openfwi\FlatVel_A\data\data1.npy,D:\data\openfwi\FlatVel_A\model\model1.npy,394,1394,FlatVel_A
D:\data\openfwi\FlatVel_A\data\data1.npy,D:\data\openfwi\FlatVel_A\model\model1.npy,395,1395,FlatVel_A
D:\data\openfwi\FlatVel_A\data\data1.npy,D:\data\openfwi\FlatVel_A\model\model1.npy,396,1396,FlatVel_A
D:\data\openfwi\FlatVel_A\data\data1.npy,D:\data\openfwi\FlatVel_A\model\model1.npy,397,1397,FlatVel_A
D:\data\openfwi\FlatVel_A\data\data1.npy,D:\data\openfwi\FlatVel_A\model\model1.npy,399,1399,FlatVel_A
D:\data\openfwi\FlatVel_A\data\data1.npy,D:\data\openfwi\FlatVel_A\model\model1.npy,401,1401,FlatVel_A
D:\data\openfwi\FlatVel_A\data\data1.npy,D:\data\openfwi\FlatVel_A\model\model1.npy,402,1402,FlatVel_A
D:\data\openfwi\FlatVel_A\data\data1.npy,D:\data\openfwi\FlatVel_A\model\model1.npy,403,1403,FlatVel_A
D:\data\openfwi\FlatVel_A\data\data1.npy,D:\data\openfwi\FlatVel_A\model\model1.npy,404,1404,FlatVel_A
D:\data\openfwi\FlatVel_A\data\data1.npy,D:\data\openfwi\FlatVel_A\model\model1.npy,407,1407,FlatVel_A
D:\data\openfwi\FlatVel_A\data\data1.npy,D:\data\openfwi\FlatVel_A\model\model1.npy,409,1409,FlatVel_A
D:\data\openfwi\FlatVel_A\data\data1.npy,D:\data\openfwi\FlatVel_A\model\model1.npy,413,1413,FlatVel_A
D:\data\openfwi\FlatVel_A\data\data1.npy,D:\data\openfwi\FlatVel_A\model\model1.npy,414,1414,FlatVel_A
D:\data\openfwi\FlatVel_A\data\data1.npy,D:\data\openfwi\FlatVel_A\model\model1.npy,417,1417,FlatVel_A
D:\data\openfwi\FlatVel_A\data\data1.npy,D:\data\openfwi\FlatVel_A\model\model1.npy,418,1418,FlatVel_A
D:\data\openfwi\FlatVel_A\data\data1.npy,D:\data\openfwi\FlatVel_A\model\model1.npy,419,1419,FlatVel_A
D:\data\openfwi\FlatVel_A\data\data1.npy,D:\data\openfwi\FlatVel_A\model\model1.npy,420,1420,FlatVel_A
D:\data\openfwi\FlatVel_A\data\data1.npy,D:\data\openfwi\FlatVel_A\model\model1.npy,423,1423,FlatVel_A
D:\data\openfwi\FlatVel_A\data\data1.npy,D:\data\openfwi\FlatVel_A\model\model1.npy,427,1427,FlatVel_A
D:\data\openfwi\FlatVel_A\data\data1.npy,D:\data\openfwi\FlatVel_A\model\model1.npy,428,1428,FlatVel_A
D:\data\openfwi\FlatVel_A\data\data1.npy,D:\data\openfwi\FlatVel_A\model\model1.npy,429,1429,FlatVel_A
D:\data\openfwi\FlatVel_A\data\data1.npy,D:\data\openfwi\FlatVel_A\model\model1.npy,430,1430,FlatVel_A
D:\data\openfwi\FlatVel_A\data\data1.npy,D:\data\openfwi\FlatVel_A\model\model1.npy,431,1431,FlatVel_A
D:\data\openfwi\FlatVel_A\data\data1.npy,D:\data\openfwi\FlatVel_A\model\model1.npy,432,1432,FlatVel_A
D:\data\openfwi\FlatVel_A\data\data1.npy,D:\data\openfwi\FlatVel_A\model\model1.npy,433,1433,FlatVel_A
D:\data\openfwi\FlatVel_A\data\data1.npy,D:\data\openfwi\FlatVel_A\model\model1.npy,436,1436,FlatVel_A
D:\data\openfwi\FlatVel_A\data\data1.npy,D:\data\openfwi\FlatVel_A\model\model1.npy,437,1437,FlatVel_A
D:\data\openfwi\FlatVel_A\data\data1.npy,D:\data\openfwi\FlatVel_A\model\model1.npy,441,1441,FlatVel_A
D:\data\openfwi\FlatVel_A\data\data1.npy,D:\data\openfwi\FlatVel_A\model\model1.npy,443,1443,FlatVel_A
D:\data\openfwi\FlatVel_A\data\data1.npy,D:\data\openfwi\FlatVel_A\model\model1.npy,444,1444,FlatVel_A
D:\data\openfwi\FlatVel_A\data\data1.npy,D:\data\openfwi\FlatVel_A\model\model1.npy,450,1450,FlatVel_A
D:\data\openfwi\FlatVel_A\data\data1.npy,D:\data\openfwi\FlatVel_A\model\model1.npy,451,1451,FlatVel_A
D:\data\openfwi\FlatVel_A\data\data1.npy,D:\data\openfwi\FlatVel_A\model\model1.npy,454,1454,FlatVel_A
D:\data\openfwi\FlatVel_A\data\data1.npy,D:\data\openfwi\FlatVel_A\model\model1.npy,455,1455,FlatVel_A
D:\data\openfwi\FlatVel_A\data\data1.npy,D:\data\openfwi\FlatVel_A\model\model1.npy,457,1457,FlatVel_A
D:\data\openfwi\FlatVel_A\data\data1.npy,D:\data\openfwi\FlatVel_A\model\model1.npy,458,1458,FlatVel_A
D:\data\openfwi\FlatVel_A\data\data1.npy,D:\data\openfwi\FlatVel_A\model\model1.npy,461,1461,FlatVel_A
D:\data\openfwi\FlatVel_A\data\data1.npy,D:\data\openfwi\FlatVel_A\model\model1.npy,462,1462,FlatVel_A
D:\data\openfwi\FlatVel_A\data\data1.npy,D:\data\openfwi\FlatVel_A\model\model1.npy,463,1463,FlatVel_A
D:\data\openfwi\FlatVel_A\data\data1.npy,D:\data\openfwi\FlatVel_A\model\model1.npy,472,1472,FlatVel_A
D:\data\openfwi\FlatVel_A\data\data1.npy,D:\data\openfwi\FlatVel_A\model\model1.npy,473,1473,FlatVel_A
D:\data\openfwi\FlatVel_A\data\data1.npy,D:\data\openfwi\FlatVel_A\model\model1.npy,475,1475,FlatVel_A
D:\data\openfwi\FlatVel_A\data\data1.npy,D:\data\openfwi\FlatVel_A\model\model1.npy,477,1477,FlatVel_A
D:\data\openfwi\FlatVel_A\data\data1.npy,D:\data\openfwi\FlatVel_A\model\model1.npy,479,1479,FlatVel_A
D:\data\openfwi\FlatVel_A\data\data1.npy,D:\data\openfwi\FlatVel_A\model\model1.npy,482,1482,FlatVel_A
D:\data\openfwi\FlatVel_A\data\data1.npy,D:\data\openfwi\FlatVel_A\model\model1.npy,487,1487,FlatVel_A
D:\data\openfwi\FlatVel_A\data\data1.npy,D:\data\openfwi\FlatVel_A\model\model1.npy,488,1488,FlatVel_A
D:\data\openfwi\FlatVel_A\data\data1.npy,D:\data\openfwi\FlatVel_A\model\model1.npy,491,1491,FlatVel_A
D:\data\openfwi\FlatVel_A\data\data1.npy,D:\data\openfwi\FlatVel_A\model\model1.npy,492,1492,FlatVel_A
D:\data\openfwi\FlatVel_A\data\data1.npy,D:\data\openfwi\FlatVel_A\model\model1.npy,493,1493,FlatVel_A
D:\data\openfwi\FlatVel_A\data\data1.npy,D:\data\openfwi\FlatVel_A\model\model1.npy,494,1494,FlatVel_A
D:\data\openfwi\FlatVel_A\data\data1.npy,D:\data\openfwi\FlatVel_A\model\model1.npy,498,1498,FlatVel_A
D:\data\openfwi\FlatVel_A\data\data1.npy,D:\data\openfwi\FlatVel_A\model\model1.npy,499,1499,FlatVel_A
D:\data\openfwi\FlatVel_A\data\data2.npy,D:\data\openfwi\FlatVel_A\model\model2.npy,5,1505,FlatVel_A
D:\data\openfwi\FlatVel_A\data\data2.npy,D:\data\openfwi\FlatVel_A\model\model2.npy,11,1511,FlatVel_A
D:\data\openfwi\FlatVel_A\data\data2.npy,D:\data\openfwi\FlatVel_A\model\model2.npy,14,1514,FlatVel_A
D:\data\openfwi\FlatVel_A\data\data2.npy,D:\data\openfwi\FlatVel_A\model\model2.npy,15,1515,FlatVel_A
D:\data\openfwi\FlatVel_A\data\data2.npy,D:\data\openfwi\FlatVel_A\model\model2.npy,16,1516,FlatVel_A
D:\data\openfwi\FlatVel_A\data\data2.npy,D:\data\openfwi\FlatVel_A\model\model2.npy,19,1519,FlatVel_A
D:\data\openfwi\FlatVel_A\data\data2.npy,D:\data\openfwi\FlatVel_A\model\model2.npy,20,1520,FlatVel_A
D:\data\openfwi\FlatVel_A\data\data2.npy,D:\data\openfwi\FlatVel_A\model\model2.npy,21,1521,FlatVel_A
D:\data\openfwi\FlatVel_A\data\data2.npy,D:\data\openfwi\FlatVel_A\model\model2.npy,25,1525,FlatVel_A
D:\data\openfwi\FlatVel_A\data\data2.npy,D:\data\openfwi\FlatVel_A\model\model2.npy,26,1526,FlatVel_A
D:\data\openfwi\FlatVel_A\data\data2.npy,D:\data\openfwi\FlatVel_A\model\model2.npy,27,1527,FlatVel_A
D:\data\openfwi\FlatVel_A\data\data2.npy,D:\data\openfwi\FlatVel_A\model\model2.npy,31,1531,FlatVel_A
D:\data\openfwi\FlatVel_A\data\data2.npy,D:\data\openfwi\FlatVel_A\model\model2.npy,32,1532,FlatVel_A
D:\data\openfwi\FlatVel_A\data\data2.npy,D:\data\openfwi\FlatVel_A\model\model2.npy,33,1533,FlatVel_A
D:\data\openfwi\FlatVel_A\data\data2.npy,D:\data\openfwi\FlatVel_A\model\model2.npy,34,1534,FlatVel_A
D:\data\openfwi\FlatVel_A\data\data2.npy,D:\data\openfwi\FlatVel_A\model\model2.npy,37,1537,FlatVel_A
D:\data\openfwi\FlatVel_A\data\data2.npy,D:\data\openfwi\FlatVel_A\model\model2.npy,40,1540,FlatVel_A
D:\data\openfwi\FlatVel_A\data\data2.npy,D:\data\openfwi\FlatVel_A\model\model2.npy,41,1541,FlatVel_A
D:\data\openfwi\FlatVel_A\data\data2.npy,D:\data\openfwi\FlatVel_A\model\model2.npy,44,1544,FlatVel_A
D:\data\openfwi\FlatVel_A\data\data2.npy,D:\data\openfwi\FlatVel_A\model\model2.npy,45,1545,FlatVel_A
D:\data\openfwi\FlatVel_A\data\data2.npy,D:\data\openfwi\FlatVel_A\model\model2.npy,46,1546,FlatVel_A
D:\data\openfwi\FlatVel_A\data\data2.npy,D:\data\openfwi\FlatVel_A\model\model2.npy,47,1547,FlatVel_A
D:\data\openfwi\FlatVel_A\data\data2.npy,D:\data\openfwi\FlatVel_A\model\model2.npy,49,1549,FlatVel_A
D:\data\openfwi\FlatVel_A\data\data2.npy,D:\data\openfwi\FlatVel_A\model\model2.npy,50,1550,FlatVel_A
D:\data\openfwi\FlatVel_A\data\data2.npy,D:\data\openfwi\FlatVel_A\model\model2.npy,51,1551,FlatVel_A
D:\data\openfwi\FlatVel_A\data\data2.npy,D:\data\openfwi\FlatVel_A\model\model2.npy,52,1552,FlatVel_A
D:\data\openfwi\FlatVel_A\data\data2.npy,D:\data\openfwi\FlatVel_A\model\model2.npy,53,1553,FlatVel_A
D:\data\openfwi\FlatVel_A\data\data2.npy,D:\data\openfwi\FlatVel_A\model\model2.npy,54,1554,FlatVel_A
D:\data\openfwi\FlatVel_A\data\data2.npy,D:\data\openfwi\FlatVel_A\model\model2.npy,56,1556,FlatVel_A
D:\data\openfwi\FlatVel_A\data\data2.npy,D:\data\openfwi\FlatVel_A\model\model2.npy,58,1558,FlatVel_A
D:\data\openfwi\FlatVel_A\data\data2.npy,D:\data\openfwi\FlatVel_A\model\model2.npy,59,1559,FlatVel_A
D:\data\openfwi\FlatVel_A\data\data2.npy,D:\data\openfwi\FlatVel_A\model\model2.npy,60,1560,FlatVel_A
D:\data\openfwi\FlatVel_A\data\data2.npy,D:\data\openfwi\FlatVel_A\model\model2.npy,63,1563,FlatVel_A
D:\data\openfwi\FlatVel_A\data\data2.npy,D:\data\openfwi\FlatVel_A\model\model2.npy,66,1566,FlatVel_A
D:\data\openfwi\FlatVel_A\data\data2.npy,D:\data\openfwi\FlatVel_A\model\model2.npy,69,1569,FlatVel_A
D:\data\openfwi\FlatVel_A\data\data2.npy,D:\data\openfwi\FlatVel_A\model\model2.npy,70,1570,FlatVel_A
D:\data\openfwi\FlatVel_A\data\data2.npy,D:\data\openfwi\FlatVel_A\model\model2.npy,71,1571,FlatVel_A
D:\data\openfwi\FlatVel_A\data\data2.npy,D:\data\openfwi\FlatVel_A\model\model2.npy,73,1573,FlatVel_A
D:\data\openfwi\FlatVel_A\data\data2.npy,D:\data\openfwi\FlatVel_A\model\model2.npy,74,1574,FlatVel_A
D:\data\openfwi\FlatVel_A\data\data2.npy,D:\data\openfwi\FlatVel_A\model\model2.npy,78,1578,FlatVel_A
D:\data\openfwi\FlatVel_A\data\data2.npy,D:\data\openfwi\FlatVel_A\model\model2.npy,79,1579,FlatVel_A
D:\data\openfwi\FlatVel_A\data\data2.npy,D:\data\openfwi\FlatVel_A\model\model2.npy,80,1580,FlatVel_A
D:\data\openfwi\FlatVel_A\data\data2.npy,D:\data\openfwi\FlatVel_A\model\model2.npy,81,1581,FlatVel_A
D:\data\openfwi\FlatVel_A\data\data2.npy,D:\data\openfwi\FlatVel_A\model\model2.npy,82,1582,FlatVel_A
D:\data\openfwi\FlatVel_A\data\data2.npy,D:\data\openfwi\FlatVel_A\model\model2.npy,83,1583,FlatVel_A
D:\data\openfwi\FlatVel_A\data\data2.npy,D:\data\openfwi\FlatVel_A\model\model2.npy,89,1589,FlatVel_A
D:\data\openfwi\FlatVel_A\data\data2.npy,D:\data\openfwi\FlatVel_A\model\model2.npy,92,1592,FlatVel_A
D:\data\openfwi\FlatVel_A\data\data2.npy,D:\data\openfwi\FlatVel_A\model\model2.npy,93,1593,FlatVel_A
D:\data\openfwi\FlatVel_A\data\data2.npy,D:\data\openfwi\FlatVel_A\model\model2.npy,95,1595,FlatVel_A
D:\data\openfwi\FlatVel_A\data\data2.npy,D:\data\openfwi\FlatVel_A\model\model2.npy,98,1598,FlatVel_A
D:\data\openfwi\FlatVel_A\data\data2.npy,D:\data\openfwi\FlatVel_A\model\model2.npy,99,1599,FlatVel_A
D:\data\openfwi\FlatVel_A\data\data2.npy,D:\data\openfwi\FlatVel_A\model\model2.npy,100,1600,FlatVel_A
D:\data\openfwi\FlatVel_A\data\data2.npy,D:\data\openfwi\FlatVel_A\model\model2.npy,102,1602,FlatVel_A
D:\data\openfwi\FlatVel_A\data\data2.npy,D:\data\openfwi\FlatVel_A\model\model2.npy,106,1606,FlatVel_A
D:\data\openfwi\FlatVel_A\data\data2.npy,D:\data\openfwi\FlatVel_A\model\model2.npy,108,1608,FlatVel_A
D:\data\openfwi\FlatVel_A\data\data2.npy,D:\data\openfwi\FlatVel_A\model\model2.npy,115,1615,FlatVel_A
D:\data\openfwi\FlatVel_A\data\data2.npy,D:\data\openfwi\FlatVel_A\model\model2.npy,116,1616,FlatVel_A
D:\data\openfwi\FlatVel_A\data\data2.npy,D:\data\openfwi\FlatVel_A\model\model2.npy,117,1617,FlatVel_A
D:\data\openfwi\FlatVel_A\data\data2.npy,D:\data\openfwi\FlatVel_A\model\model2.npy,119,1619,FlatVel_A
D:\data\openfwi\FlatVel_A\data\data2.npy,D:\data\openfwi\FlatVel_A\model\model2.npy,124,1624,FlatVel_A
D:\data\openfwi\FlatVel_A\data\data2.npy,D:\data\openfwi\FlatVel_A\model\model2.npy,126,1626,FlatVel_A
D:\data\openfwi\FlatVel_A\data\data2.npy,D:\data\openfwi\FlatVel_A\model\model2.npy,127,1627,FlatVel_A
D:\data\openfwi\FlatVel_A\data\data2.npy,D:\data\openfwi\FlatVel_A\model\model2.npy,132,1632,FlatVel_A
D:\data\openfwi\FlatVel_A\data\data2.npy,D:\data\openfwi\FlatVel_A\model\model2.npy,134,1634,FlatVel_A
D:\data\openfwi\FlatVel_A\data\data2.npy,D:\data\openfwi\FlatVel_A\model\model2.npy,138,1638,FlatVel_A
D:\data\openfwi\FlatVel_A\data\data2.npy,D:\data\openfwi\FlatVel_A\model\model2.npy,140,1640,FlatVel_A
D:\data\openfwi\FlatVel_A\data\data2.npy,D:\data\openfwi\FlatVel_A\model\model2.npy,141,1641,FlatVel_A
D:\data\openfwi\FlatVel_A\data\data2.npy,D:\data\openfwi\FlatVel_A\model\model2.npy,142,1642,FlatVel_A
D:\data\openfwi\FlatVel_A\data\data2.npy,D:\data\openfwi\FlatVel_A\model\model2.npy,144,1644,FlatVel_A
D:\data\openfwi\FlatVel_A\data\data2.npy,D:\data\openfwi\FlatVel_A\model\model2.npy,149,1649,FlatVel_A
D:\data\openfwi\FlatVel_A\data\data2.npy,D:\data\openfwi\FlatVel_A\model\model2.npy,151,1651,FlatVel_A
D:\data\openfwi\FlatVel_A\data\data2.npy,D:\data\openfwi\FlatVel_A\model\model2.npy,152,1652,FlatVel_A
D:\data\openfwi\FlatVel_A\data\data2.npy,D:\data\openfwi\FlatVel_A\model\model2.npy,156,1656,FlatVel_A
D:\data\openfwi\FlatVel_A\data\data2.npy,D:\data\openfwi\FlatVel_A\model\model2.npy,157,1657,FlatVel_A
D:\data\openfwi\FlatVel_A\data\data2.npy,D:\data\openfwi\FlatVel_A\model\model2.npy,163,1663,FlatVel_A
D:\data\openfwi\FlatVel_A\data\data2.npy,D:\data\openfwi\FlatVel_A\model\model2.npy,165,1665,FlatVel_A
D:\data\openfwi\FlatVel_A\data\data2.npy,D:\data\openfwi\FlatVel_A\model\model2.npy,166,1666,FlatVel_A
D:\data\openfwi\FlatVel_A\data\data2.npy,D:\data\openfwi\FlatVel_A\model\model2.npy,167,1667,FlatVel_A
D:\data\openfwi\FlatVel_A\data\data2.npy,D:\data\openfwi\FlatVel_A\model\model2.npy,169,1669,FlatVel_A
D:\data\openfwi\FlatVel_A\data\data2.npy,D:\data\openfwi\FlatVel_A\model\model2.npy,172,1672,FlatVel_A
D:\data\openfwi\FlatVel_A\data\data2.npy,D:\data\openfwi\FlatVel_A\model\model2.npy,173,1673,FlatVel_A
D:\data\openfwi\FlatVel_A\data\data2.npy,D:\data\openfwi\FlatVel_A\model\model2.npy,177,1677,FlatVel_A
D:\data\openfwi\FlatVel_A\data\data2.npy,D:\data\openfwi\FlatVel_A\model\model2.npy,178,1678,FlatVel_A
D:\data\openfwi\FlatVel_A\data\data2.npy,D:\data\openfwi\FlatVel_A\model\model2.npy,179,1679,FlatVel_A
D:\data\openfwi\FlatVel_A\data\data2.npy,D:\data\openfwi\FlatVel_A\model\model2.npy,186,1686,FlatVel_A
D:\data\openfwi\FlatVel_A\data\data2.npy,D:\data\openfwi\FlatVel_A\model\model2.npy,188,1688,FlatVel_A
D:\data\openfwi\FlatVel_A\data\data2.npy,D:\data\openfwi\FlatVel_A\model\model2.npy,189,1689,FlatVel_A
D:\data\openfwi\FlatVel_A\data\data2.npy,D:\data\openfwi\FlatVel_A\model\model2.npy,193,1693,FlatVel_A
D:\data\openfwi\FlatVel_A\data\data2.npy,D:\data\openfwi\FlatVel_A\model\model2.npy,194,1694,FlatVel_A
D:\data\openfwi\FlatVel_A\data\data2.npy,D:\data\openfwi\FlatVel_A\model\model2.npy,203,1703,FlatVel_A
D:\data\openfwi\FlatVel_A\data\data2.npy,D:\data\openfwi\FlatVel_A\model\model2.npy,206,1706,FlatVel_A
D:\data\openfwi\FlatVel_A\data\data2.npy,D:\data\openfwi\FlatVel_A\model\model2.npy,207,1707,FlatVel_A
D:\data\openfwi\FlatVel_A\data\data2.npy,D:\data\openfwi\FlatVel_A\model\model2.npy,208,1708,FlatVel_A
D:\data\openfwi\FlatVel_A\data\data2.npy,D:\data\openfwi\FlatVel_A\model\model2.npy,213,1713,FlatVel_A
D:\data\openfwi\FlatVel_A\data\data2.npy,D:\data\openfwi\FlatVel_A\model\model2.npy,215,1715,FlatVel_A
D:\data\openfwi\FlatVel_A\data\data2.npy,D:\data\openfwi\FlatVel_A\model\model2.npy,217,1717,FlatVel_A
D:\data\openfwi\FlatVel_A\data\data2.npy,D:\data\openfwi\FlatVel_A\model\model2.npy,218,1718,FlatVel_A
D:\data\openfwi\FlatVel_A\data\data2.npy,D:\data\openfwi\FlatVel_A\model\model2.npy,220,1720,FlatVel_A
D:\data\openfwi\FlatVel_A\data\data2.npy,D:\data\openfwi\FlatVel_A\model\model2.npy,223,1723,FlatVel_A
D:\data\openfwi\FlatVel_A\data\data2.npy,D:\data\openfwi\FlatVel_A\model\model2.npy,226,1726,FlatVel_A
D:\data\openfwi\FlatVel_A\data\data2.npy,D:\data\openfwi\FlatVel_A\model\model2.npy,227,1727,FlatVel_A
D:\data\openfwi\FlatVel_A\data\data2.npy,D:\data\openfwi\FlatVel_A\model\model2.npy,230,1730,FlatVel_A
D:\data\openfwi\FlatVel_A\data\data2.npy,D:\data\openfwi\FlatVel_A\model\model2.npy,231,1731,FlatVel_A
D:\data\openfwi\FlatVel_A\data\data2.npy,D:\data\openfwi\FlatVel_A\model\model2.npy,232,1732,FlatVel_A
D:\data\openfwi\FlatVel_A\data\data2.npy,D:\data\openfwi\FlatVel_A\model\model2.npy,235,1735,FlatVel_A
D:\data\openfwi\FlatVel_A\data\data2.npy,D:\data\openfwi\FlatVel_A\model\model2.npy,236,1736,FlatVel_A
D:\data\openfwi\FlatVel_A\data\data2.npy,D:\data\openfwi\FlatVel_A\model\model2.npy,239,1739,FlatVel_A
D:\data\openfwi\FlatVel_A\data\data2.npy,D:\data\openfwi\FlatVel_A\model\model2.npy,242,1742,FlatVel_A
D:\data\openfwi\FlatVel_A\data\data2.npy,D:\data\openfwi\FlatVel_A\model\model2.npy,244,1744,FlatVel_A
D:\data\openfwi\FlatVel_A\data\data2.npy,D:\data\openfwi\FlatVel_A\model\model2.npy,250,1750,FlatVel_A
D:\data\openfwi\FlatVel_A\data\data2.npy,D:\data\openfwi\FlatVel_A\model\model2.npy,252,1752,FlatVel_A
D:\data\openfwi\FlatVel_A\data\data2.npy,D:\data\openfwi\FlatVel_A\model\model2.npy,253,1753,FlatVel_A
D:\data\openfwi\FlatVel_A\data\data2.npy,D:\data\openfwi\FlatVel_A\model\model2.npy,254,1754,FlatVel_A
D:\data\openfwi\FlatVel_A\data\data2.npy,D:\data\openfwi\FlatVel_A\model\model2.npy,257,1757,FlatVel_A
D:\data\openfwi\FlatVel_A\data\data2.npy,D:\data\openfwi\FlatVel_A\model\model2.npy,258,1758,FlatVel_A
D:\data\openfwi\FlatVel_A\data\data2.npy,D:\data\openfwi\FlatVel_A\model\model2.npy,260,1760,FlatVel_A
D:\data\openfwi\FlatVel_A\data\data2.npy,D:\data\openfwi\FlatVel_A\model\model2.npy,261,1761,FlatVel_A
D:\data\openfwi\FlatVel_A\data\data2.npy,D:\data\openfwi\FlatVel_A\model\model2.npy,262,1762,FlatVel_A
D:\data\openfwi\FlatVel_A\data\data2.npy,D:\data\openfwi\FlatVel_A\model\model2.npy,266,1766,FlatVel_A
D:\data\openfwi\FlatVel_A\data\data2.npy,D:\data\openfwi\FlatVel_A\model\model2.npy,268,1768,FlatVel_A
D:\data\openfwi\FlatVel_A\data\data2.npy,D:\data\openfwi\FlatVel_A\model\model2.npy,269,1769,FlatVel_A
D:\data\openfwi\FlatVel_A\data\data2.npy,D:\data\openfwi\FlatVel_A\model\model2.npy,270,1770,FlatVel_A
D:\data\openfwi\FlatVel_A\data\data2.npy,D:\data\openfwi\FlatVel_A\model\model2.npy,273,1773,FlatVel_A
D:\data\openfwi\FlatVel_A\data\data2.npy,D:\data\openfwi\FlatVel_A\model\model2.npy,275,1775,FlatVel_A
D:\data\openfwi\FlatVel_A\data\data2.npy,D:\data\openfwi\FlatVel_A\model\model2.npy,276,1776,FlatVel_A
D:\data\openfwi\FlatVel_A\data\data2.npy,D:\data\openfwi\FlatVel_A\model\model2.npy,277,1777,FlatVel_A
D:\data\openfwi\FlatVel_A\data\data2.npy,D:\data\openfwi\FlatVel_A\model\model2.npy,278,1778,FlatVel_A
D:\data\openfwi\FlatVel_A\data\data2.npy,D:\data\openfwi\FlatVel_A\model\model2.npy,279,1779,FlatVel_A
D:\data\openfwi\FlatVel_A\data\data2.npy,D:\data\openfwi\FlatVel_A\model\model2.npy,280,1780,FlatVel_A
D:\data\openfwi\FlatVel_A\data\data2.npy,D:\data\openfwi\FlatVel_A\model\model2.npy,284,1784,FlatVel_A
D:\data\openfwi\FlatVel_A\data\data2.npy,D:\data\openfwi\FlatVel_A\model\model2.npy,285,1785,FlatVel_A
D:\data\openfwi\FlatVel_A\data\data2.npy,D:\data\openfwi\FlatVel_A\model\model2.npy,288,1788,FlatVel_A
D:\data\openfwi\FlatVel_A\data\data2.npy,D:\data\openfwi\FlatVel_A\model\model2.npy,290,1790,FlatVel_A
D:\data\openfwi\FlatVel_A\data\data2.npy,D:\data\openfwi\FlatVel_A\model\model2.npy,298,1798,FlatVel_A
D:\data\openfwi\FlatVel_A\data\data2.npy,D:\data\openfwi\FlatVel_A\model\model2.npy,299,1799,FlatVel_A
D:\data\openfwi\FlatVel_A\data\data2.npy,D:\data\openfwi\FlatVel_A\model\model2.npy,302,1802,FlatVel_A
D:\data\openfwi\FlatVel_A\data\data2.npy,D:\data\openfwi\FlatVel_A\model\model2.npy,303,1803,FlatVel_A
D:\data\openfwi\FlatVel_A\data\data2.npy,D:\data\openfwi\FlatVel_A\model\model2.npy,305,1805,FlatVel_A
D:\data\openfwi\FlatVel_A\data\data2.npy,D:\data\openfwi\FlatVel_A\model\model2.npy,306,1806,FlatVel_A
D:\data\openfwi\FlatVel_A\data\data2.npy,D:\data\openfwi\FlatVel_A\model\model2.npy,307,1807,FlatVel_A
D:\data\openfwi\FlatVel_A\data\data2.npy,D:\data\openfwi\FlatVel_A\model\model2.npy,311,1811,FlatVel_A
D:\data\openfwi\FlatVel_A\data\data2.npy,D:\data\openfwi\FlatVel_A\model\model2.npy,314,1814,FlatVel_A
D:\data\openfwi\FlatVel_A\data\data2.npy,D:\data\openfwi\FlatVel_A\model\model2.npy,316,1816,FlatVel_A
D:\data\openfwi\FlatVel_A\data\data2.npy,D:\data\openfwi\FlatVel_A\model\model2.npy,318,1818,FlatVel_A
D:\data\openfwi\FlatVel_A\data\data2.npy,D:\data\openfwi\FlatVel_A\model\model2.npy,321,1821,FlatVel_A
D:\data\openfwi\FlatVel_A\data\data2.npy,D:\data\openfwi\FlatVel_A\model\model2.npy,323,1823,FlatVel_A
D:\data\openfwi\FlatVel_A\data\data2.npy,D:\data\openfwi\FlatVel_A\model\model2.npy,326,1826,FlatVel_A
D:\data\openfwi\FlatVel_A\data\data2.npy,D:\data\openfwi\FlatVel_A\model\model2.npy,327,1827,FlatVel_A
D:\data\openfwi\FlatVel_A\data\data2.npy,D:\data\openfwi\FlatVel_A\model\model2.npy,330,1830,FlatVel_A
D:\data\openfwi\FlatVel_A\data\data2.npy,D:\data\openfwi\FlatVel_A\model\model2.npy,332,1832,FlatVel_A
D:\data\openfwi\FlatVel_A\data\data2.npy,D:\data\openfwi\FlatVel_A\model\model2.npy,334,1834,FlatVel_A
D:\data\openfwi\FlatVel_A\data\data2.npy,D:\data\openfwi\FlatVel_A\model\model2.npy,336,1836,FlatVel_A
D:\data\openfwi\FlatVel_A\data\data2.npy,D:\data\openfwi\FlatVel_A\model\model2.npy,337,1837,FlatVel_A
D:\data\openfwi\FlatVel_A\data\data2.npy,D:\data\openfwi\FlatVel_A\model\model2.npy,339,1839,FlatVel_A
D:\data\openfwi\FlatVel_A\data\data2.npy,D:\data\openfwi\FlatVel_A\model\model2.npy,346,1846,FlatVel_A
D:\data\openfwi\FlatVel_A\data\data2.npy,D:\data\openfwi\FlatVel_A\model\model2.npy,348,1848,FlatVel_A
D:\data\openfwi\FlatVel_A\data\data2.npy,D:\data\openfwi\FlatVel_A\model\model2.npy,349,1849,FlatVel_A
D:\data\openfwi\FlatVel_A\data\data2.npy,D:\data\openfwi\FlatVel_A\model\model2.npy,350,1850,FlatVel_A
D:\data\openfwi\FlatVel_A\data\data2.npy,D:\data\openfwi\FlatVel_A\model\model2.npy,352,1852,FlatVel_A
D:\data\openfwi\FlatVel_A\data\data2.npy,D:\data\openfwi\FlatVel_A\model\model2.npy,353,1853,FlatVel_A
D:\data\openfwi\FlatVel_A\data\data2.npy,D:\data\openfwi\FlatVel_A\model\model2.npy,355,1855,FlatVel_A
D:\data\openfwi\FlatVel_A\data\data2.npy,D:\data\openfwi\FlatVel_A\model\model2.npy,357,1857,FlatVel_A
D:\data\openfwi\FlatVel_A\data\data2.npy,D:\data\openfwi\FlatVel_A\model\model2.npy,358,1858,FlatVel_A
D:\data\openfwi\FlatVel_A\data\data2.npy,D:\data\openfwi\FlatVel_A\model\model2.npy,359,1859,FlatVel_A
D:\data\openfwi\FlatVel_A\data\data2.npy,D:\data\openfwi\FlatVel_A\model\model2.npy,361,1861,FlatVel_A
D:\data\openfwi\FlatVel_A\data\data2.npy,D:\data\openfwi\FlatVel_A\model\model2.npy,364,1864,FlatVel_A
D:\data\openfwi\FlatVel_A\data\data2.npy,D:\data\openfwi\FlatVel_A\model\model2.npy,368,1868,FlatVel_A
D:\data\openfwi\FlatVel_A\data\data2.npy,D:\data\openfwi\FlatVel_A\model\model2.npy,369,1869,FlatVel_A
D:\data\openfwi\FlatVel_A\data\data2.npy,D:\data\openfwi\FlatVel_A\model\model2.npy,370,1870,FlatVel_A
D:\data\openfwi\FlatVel_A\data\data2.npy,D:\data\openfwi\FlatVel_A\model\model2.npy,371,1871,FlatVel_A
D:\data\openfwi\FlatVel_A\data\data2.npy,D:\data\openfwi\FlatVel_A\model\model2.npy,372,1872,FlatVel_A
D:\data\openfwi\FlatVel_A\data\data2.npy,D:\data\openfwi\FlatVel_A\model\model2.npy,373,1873,FlatVel_A
D:\data\openfwi\FlatVel_A\data\data2.npy,D:\data\openfwi\FlatVel_A\model\model2.npy,375,1875,FlatVel_A
D:\data\openfwi\FlatVel_A\data\data2.npy,D:\data\openfwi\FlatVel_A\model\model2.npy,377,1877,FlatVel_A
D:\data\openfwi\FlatVel_A\data\data2.npy,D:\data\openfwi\FlatVel_A\model\model2.npy,381,1881,FlatVel_A
D:\data\openfwi\FlatVel_A\data\data2.npy,D:\data\openfwi\FlatVel_A\model\model2.npy,382,1882,FlatVel_A
D:\data\openfwi\FlatVel_A\data\data2.npy,D:\data\openfwi\FlatVel_A\model\model2.npy,384,1884,FlatVel_A
D:\data\openfwi\FlatVel_A\data\data2.npy,D:\data\openfwi\FlatVel_A\model\model2.npy,385,1885,FlatVel_A
D:\data\openfwi\FlatVel_A\data\data2.npy,D:\data\openfwi\FlatVel_A\model\model2.npy,386,1886,FlatVel_A
D:\data\openfwi\FlatVel_A\data\data2.npy,D:\data\openfwi\FlatVel_A\model\model2.npy,388,1888,FlatVel_A
D:\data\openfwi\FlatVel_A\data\data2.npy,D:\data\openfwi\FlatVel_A\model\model2.npy,389,1889,FlatVel_A
D:\data\openfwi\FlatVel_A\data\data2.npy,D:\data\openfwi\FlatVel_A\model\model2.npy,390,1890,FlatVel_A
D:\data\openfwi\FlatVel_A\data\data2.npy,D:\data\openfwi\FlatVel_A\model\model2.npy,391,1891,FlatVel_A
D:\data\openfwi\FlatVel_A\data\data2.npy,D:\data\openfwi\FlatVel_A\model\model2.npy,392,1892,FlatVel_A
D:\data\openfwi\FlatVel_A\data\data2.npy,D:\data\openfwi\FlatVel_A\model\model2.npy,393,1893,FlatVel_A
D:\data\openfwi\FlatVel_A\data\data2.npy,D:\data\openfwi\FlatVel_A\model\model2.npy,396,1896,FlatVel_A
D:\data\openfwi\FlatVel_A\data\data2.npy,D:\data\openfwi\FlatVel_A\model\model2.npy,399,1899,FlatVel_A
D:\data\openfwi\FlatVel_A\data\data2.npy,D:\data\openfwi\FlatVel_A\model\model2.npy,400,1900,FlatVel_A
D:\data\openfwi\FlatVel_A\data\data2.npy,D:\data\openfwi\FlatVel_A\model\model2.npy,403,1903,FlatVel_A
D:\data\openfwi\FlatVel_A\data\data2.npy,D:\data\openfwi\FlatVel_A\model\model2.npy,404,1904,FlatVel_A
D:\data\openfwi\FlatVel_A\data\data2.npy,D:\data\openfwi\FlatVel_A\model\model2.npy,405,1905,FlatVel_A
D:\data\openfwi\FlatVel_A\data\data2.npy,D:\data\openfwi\FlatVel_A\model\model2.npy,408,1908,FlatVel_A
D:\data\openfwi\FlatVel_A\data\data2.npy,D:\data\openfwi\FlatVel_A\model\model2.npy,411,1911,FlatVel_A
D:\data\openfwi\FlatVel_A\data\data2.npy,D:\data\openfwi\FlatVel_A\model\model2.npy,413,1913,FlatVel_A
D:\data\openfwi\FlatVel_A\data\data2.npy,D:\data\openfwi\FlatVel_A\model\model2.npy,414,1914,FlatVel_A
D:\data\openfwi\FlatVel_A\data\data2.npy,D:\data\openfwi\FlatVel_A\model\model2.npy,417,1917,FlatVel_A
D:\data\openfwi\FlatVel_A\data\data2.npy,D:\data\openfwi\FlatVel_A\model\model2.npy,418,1918,FlatVel_A
D:\data\openfwi\FlatVel_A\data\data2.npy,D:\data\openfwi\FlatVel_A\model\model2.npy,420,1920,FlatVel_A
D:\data\openfwi\FlatVel_A\data\data2.npy,D:\data\openfwi\FlatVel_A\model\model2.npy,421,1921,FlatVel_A
D:\data\openfwi\FlatVel_A\data\data2.npy,D:\data\openfwi\FlatVel_A\model\model2.npy,423,1923,FlatVel_A
D:\data\openfwi\FlatVel_A\data\data2.npy,D:\data\openfwi\FlatVel_A\model\model2.npy,425,1925,FlatVel_A
D:\data\openfwi\FlatVel_A\data\data2.npy,D:\data\openfwi\FlatVel_A\model\model2.npy,429,1929,FlatVel_A
D:\data\openfwi\FlatVel_A\data\data2.npy,D:\data\openfwi\FlatVel_A\model\model2.npy,432,1932,FlatVel_A
D:\data\openfwi\FlatVel_A\data\data2.npy,D:\data\openfwi\FlatVel_A\model\model2.npy,433,1933,FlatVel_A
D:\data\openfwi\FlatVel_A\data\data2.npy,D:\data\openfwi\FlatVel_A\model\model2.npy,435,1935,FlatVel_A
D:\data\openfwi\FlatVel_A\data\data2.npy,D:\data\openfwi\FlatVel_A\model\model2.npy,436,1936,FlatVel_A
D:\data\openfwi\FlatVel_A\data\data2.npy,D:\data\openfwi\FlatVel_A\model\model2.npy,437,1937,FlatVel_A
D:\data\openfwi\FlatVel_A\data\data2.npy,D:\data\openfwi\FlatVel_A\model\model2.npy,438,1938,FlatVel_A
D:\data\openfwi\FlatVel_A\data\data2.npy,D:\data\openfwi\FlatVel_A\model\model2.npy,440,1940,FlatVel_A
D:\data\openfwi\FlatVel_A\data\data2.npy,D:\data\openfwi\FlatVel_A\model\model2.npy,442,1942,FlatVel_A
D:\data\openfwi\FlatVel_A\data\data2.npy,D:\data\openfwi\FlatVel_A\model\model2.npy,446,1946,FlatVel_A
D:\data\openfwi\FlatVel_A\data\data2.npy,D:\data\openfwi\FlatVel_A\model\model2.npy,447,1947,FlatVel_A
D:\data\openfwi\FlatVel_A\data\data2.npy,D:\data\openfwi\FlatVel_A\model\model2.npy,448,1948,FlatVel_A
D:\data\openfwi\FlatVel_A\data\data2.npy,D:\data\openfwi\FlatVel_A\model\model2.npy,449,1949,FlatVel_A
D:\data\openfwi\FlatVel_A\data\data2.npy,D:\data\openfwi\FlatVel_A\model\model2.npy,451,1951,FlatVel_A
D:\data\openfwi\FlatVel_A\data\data2.npy,D:\data\openfwi\FlatVel_A\model\model2.npy,454,1954,FlatVel_A
D:\data\openfwi\FlatVel_A\data\data2.npy,D:\data\openfwi\FlatVel_A\model\model2.npy,456,1956,FlatVel_A
D:\data\openfwi\FlatVel_A\data\data2.npy,D:\data\openfwi\FlatVel_A\model\model2.npy,459,1959,FlatVel_A
D:\data\openfwi\FlatVel_A\data\data2.npy,D:\data\openfwi\FlatVel_A\model\model2.npy,460,1960,FlatVel_A
D:\data\openfwi\FlatVel_A\data\data2.npy,D:\data\openfwi\FlatVel_A\model\model2.npy,462,1962,FlatVel_A
D:\data\openfwi\FlatVel_A\data\data2.npy,D:\data\openfwi\FlatVel_A\model\model2.npy,466,1966,FlatVel_A
D:\data\openfwi\FlatVel_A\data\data2.npy,D:\data\openfwi\FlatVel_A\model\model2.npy,467,1967,FlatVel_A
D:\data\openfwi\FlatVel_A\data\data2.npy,D:\data\openfwi\FlatVel_A\model\model2.npy,471,1971,FlatVel_A
D:\data\openfwi\FlatVel_A\data\data2.npy,D:\data\openfwi\FlatVel_A\model\model2.npy,472,1972,FlatVel_A
D:\data\openfwi\FlatVel_A\data\data2.npy,D:\data\openfwi\FlatVel_A\model\model2.npy,474,1974,FlatVel_A
D:\data\openfwi\FlatVel_A\data\data2.npy,D:\data\openfwi\FlatVel_A\model\model2.npy,475,1975,FlatVel_A
D:\data\openfwi\FlatVel_A\data\data2.npy,D:\data\openfwi\FlatVel_A\model\model2.npy,476,1976,FlatVel_A
D:\data\openfwi\FlatVel_A\data\data2.npy,D:\data\openfwi\FlatVel_A\model\model2.npy,477,1977,FlatVel_A
D:\data\openfwi\FlatVel_A\data\data2.npy,D:\data\openfwi\FlatVel_A\model\model2.npy,478,1978,FlatVel_A
D:\data\openfwi\FlatVel_A\data\data2.npy,D:\data\openfwi\FlatVel_A\model\model2.npy,479,1979,FlatVel_A
D:\data\openfwi\FlatVel_A\data\data2.npy,D:\data\openfwi\FlatVel_A\model\model2.npy,482,1982,FlatVel_A
D:\data\openfwi\FlatVel_A\data\data2.npy,D:\data\openfwi\FlatVel_A\model\model2.npy,484,1984,FlatVel_A
D:\data\openfwi\FlatVel_A\data\data2.npy,D:\data\openfwi\FlatVel_A\model\model2.npy,487,1987,FlatVel_A
D:\data\openfwi\FlatVel_A\data\data2.npy,D:\data\openfwi\FlatVel_A\model\model2.npy,490,1990,FlatVel_A
D:\data\openfwi\FlatVel_A\data\data2.npy,D:\data\openfwi\FlatVel_A\model\model2.npy,492,1992,FlatVel_A
D:\data\openfwi\FlatVel_A\data\data2.npy,D:\data\openfwi\FlatVel_A\model\model2.npy,496,1996,FlatVel_A
D:\data\openfwi\FlatVel_A\data\data2.npy,D:\data\openfwi\FlatVel_A\model\model2.npy,498,1998,FlatVel_A
D:\data\openfwi\FlatVel_A\data\data2.npy,D:\data\openfwi\FlatVel_A\model\model2.npy,499,1999,FlatVel_A
